INSERT INTO MoviesCatalog.dbo.Movies (TitleRu, TitleEng, ReleaseDateWorld, ReleaseDateRu) VALUES (N'Гладиатор 2', N'Gladiator II', N'2023-11-15', N'2024-12-28');
INSERT INTO MoviesCatalog.dbo.Movies (TitleRu, TitleEng, ReleaseDateWorld, ReleaseDateRu) VALUES (N'Веном: Последний танец', N'Venom: The Last Dance', N'2024-10-25', N'2024-12-13');
INSERT INTO MoviesCatalog.dbo.Movies (TitleRu, TitleEng, ReleaseDateWorld, ReleaseDateRu) VALUES (N'Джокер: Безумие на двоих', N'Joker: Folie à Deux', N'2024-09-04', N'2024-11-02');
INSERT INTO MoviesCatalog.dbo.Movies (TitleRu, TitleEng, ReleaseDateWorld, ReleaseDateRu) VALUES (N'Платформа 2', N'The Platform 2', N'2024-10-04', N'2024-10-04');
INSERT INTO MoviesCatalog.dbo.Movies (TitleRu, TitleEng, ReleaseDateWorld, ReleaseDateRu) VALUES (N'Дикий робот', N'The Wild Robot', N'2024-10-20', N'2024-09-27');
INSERT INTO MoviesCatalog.dbo.Movies (TitleRu, TitleEng, ReleaseDateWorld, ReleaseDateRu) VALUES (N'Одинокие волки', N'Wolfs', N'2024-09-20', N'2024-10-04');
INSERT INTO MoviesCatalog.dbo.Movies (TitleRu, TitleEng, ReleaseDateWorld, ReleaseDateRu) VALUES (N'Трансформеры: Начало', N'Transformers One', N'2024-09-20', N'2024-10-24');
INSERT INTO MoviesCatalog.dbo.Movies (TitleRu, TitleEng, ReleaseDateWorld, ReleaseDateRu) VALUES (N'Битлджус Битлджус', N'Beetlejuice Beetlejuice', N'2024-09-06', N'2024-10-10');
INSERT INTO MoviesCatalog.dbo.Movies (TitleRu, TitleEng, ReleaseDateWorld, ReleaseDateRu) VALUES (N'Чужой: Ромул', N'Alien: Romulus', N'2024-08-15', N'2024-10-18');
INSERT INTO MoviesCatalog.dbo.Movies (TitleRu, TitleEng, ReleaseDateWorld, ReleaseDateRu) VALUES (N'Хранители: Часть 1', N'Watchmen: Chapter 1', N'2024-08-13', N'2024-08-27');

INSERT INTO MoviesCatalog.dbo.MovieDetails (MovieId, RatingIMDb, Duration, Type, Description, ImageUrl, Rating, Website) VALUES (60, 7.1, 148, N'По фильму, Сиквел', N'Гладиатор 2" — эпический исторический фильм, являющийся продолжением культового фильма Ридли Скотта "Гладиатор". Действие разворачивается спустя годы после событий оригинала, предлагая новую захватывающую историю, наполненную драмой, интригами и масштабными битвами. Картина исследует последствия власти, преданности и человеческой судьбы в эпоху Древнего Рима.

Фильм обещает впечатлить зрителей невероятными визуальными эффектами, глубокой эмоциональной историей и выдающимися актёрскими работами. Ридли Скотт возвращается в режиссёрское кресло, чтобы вновь погрузить аудиторию в атмосферу легендарного Рима.', N'https://static.lostfilm.top/Images/874/Posters/poster.jpg', 6.5, N' https://www.gladiator.movie/');
INSERT INTO MoviesCatalog.dbo.MovieDetails (MovieId, RatingIMDb, Duration, Type, Description, ImageUrl, Rating, Website) VALUES (61, 6.2, 109, N' По комиксам Marvel, Супергерои, Сиквел, Мистические существа, По фильму, Сверхспособности', N'"Веном: Последний танец" — новый захватывающий фильм о приключениях одного из самых сложных и противоречивых антигероев Marvel. В центре сюжета — Эдди Брок и симбиот Веном, которые сталкиваются с величайшей угрозой, способной разрушить их связь и изменить судьбу человечества.

Фильм сочетает в себе динамичный экшен, мрачный юмор и эмоциональные моменты, раскрывая новые грани взаимоотношений между Эдди и Веномом. Захватывающий сюжет, невероятные спецэффекты и напряжённая атмосфера делают "Последний танец" ярким завершением истории о симбиотах и их борьбе за выживание.', N'https://static.lostfilm.top/Images/884/Posters/poster.jpg', 7.8, N'https://venom.movie/');
INSERT INTO MoviesCatalog.dbo.MovieDetails (MovieId, RatingIMDb, Duration, Type, Description, ImageUrl, Rating, Website) VALUES (62, 5.4, 138, N'По комиксам DC Comics, По фильму, Преступники, Сиквел', N'"Джокер: Безумие на двоих" — долгожданное продолжение культового фильма о мрачной и тревожной истории одного из самых известных антигероев в мире комиксов. Артур Флек возвращается, чтобы вновь столкнуться с внутренними демонами и хаосом, который он неизбежно приносит в окружающий мир.

В центре сюжета — не только развитие личности Джокера, но и его сложная связь с новым ключевым персонажем, разделяющим его безумие. Фильм обещает глубоко погрузить зрителей в психологию героев, предложив уникальную атмосферу и яркую музыкальную составляющую.

Этот психологический триллер и драма с элементами мюзикла вновь подарит напряжение, потрясение и откровение, став необычным и смелым дополнением к легендарной истории.', N'https://static.lostfilm.top/Images/873/Posters/poster.jpg', 4.9, N'https://www.warnerbros.com/movies/joker-folie-a-deux');
INSERT INTO MoviesCatalog.dbo.MovieDetails (MovieId, RatingIMDb, Duration, Type, Description, ImageUrl, Rating, Website) VALUES (63, 5.1, 99, N'Антиутопия, Сиквел, По фильму', N'
"Платформа 2" — продолжение культового фильма, который продолжает исследовать мрачный и захватывающий мир, где правила выживания становятся все более жестокими. В новом фильме зрителей ждёт продолжение истории о социальной несправедливости, борьбе за ресурсы и жертвах, которые люди готовы принести, чтобы выжить.

Действие разворачивается в тот же жестокий мир вертикальной тюрьмы, где на каждом уровне живут люди, зависимые от пищи, поступающей сверху. Персонажи сталкиваются с новыми моральными дилеммами и угрозами, стремясь вырваться из системы, которая выглядит всё более безнадежной и угрожающей.

Фильм продолжает поднимать важные вопросы о человеческой природе, социальной иерархии и ценности жизни, в то время как напряжённые моменты и психологический триллер не отпускают зрителя до самого конца.', N'https://static.lostfilm.top/Images/886/Posters/poster.jpg', 6.0, N' https://www.netflix.com/title/81284730');
INSERT INTO MoviesCatalog.dbo.MovieDetails (MovieId, RatingIMDb, Duration, Type, Description, ImageUrl, Rating, Website) VALUES (64, 8.5, 102, N'Анимация, По книге', N'"Дикий робот" — необычная и захватывающая научно-фантастическая история, которая переносит зрителей в мир, где технологии и природа сталкиваются в необычном и опасном союзе. В центре сюжета — робот, случайно оказавшийся на пустынном острове, где он сталкивается с дикой природой и начинает осознавать себя и свое место в этом мире.

Фильм исследует темы искусственного интеллекта, самоопределения и отношений между технологией и природой. Главный герой, механический робот, вынужден адаптироваться к жизни среди диких животных и выживать в условиях, где его созданию не место. С каждым шагом он всё больше осознает свою человечность и вопросы, которые касаются самой сути существования.

"Дикий робот" — это глубокая, эмоциональная и в то же время футуристическая история, которая заставит задуматься о границах технологий и тех возможностях, которые они могут принести в наш мир.', N'https://static.lostfilm.top/Images/891/Posters/poster.jpg', 9.3, N'https://www.thewildrobotmovie.com/');
INSERT INTO MoviesCatalog.dbo.MovieDetails (MovieId, RatingIMDb, Duration, Type, Description, ImageUrl, Rating, Website) VALUES (65, 6.3, 108, N'Преступники', N'"Одинокие волки" — драмеди о том, как одиночество и борьба с внутренними демонами становятся частью жизни, когда люди пытаются найти своё место в мире, полном трудностей и изменений. В центре сюжета — несколько персонажей, каждый из которых сталкивается с одиночеством, но находит силы преодолеть его и обрести новые связи, несмотря на внешнюю независимость.

История переплетает моменты юмора и грусти, показывая, как внешняя храбрость скрывает внутреннюю уязвимость, и как важно научиться доверять другим. Эти "одинокие волки" проходят через жизненные испытания, находя себя и тех, кто готов поддержать в трудную минуту. Фильм наполнен глубокими размышлениями о человеческих отношениях и ценности дружбы.', N'https://static.lostfilm.top/Images/875/Posters/poster.jpg', 8.2, N'https://www.apple.com/tv-pr/originals/wolfs/');
INSERT INTO MoviesCatalog.dbo.MovieDetails (MovieId, RatingIMDb, Duration, Type, Description, ImageUrl, Rating, Website) VALUES (66, 7.8, 104, N'Анимация', N'"Трансформеры: Начало" — новый фильм в легендарной франшизе, который рассказывает о зарождении конфликта между добрыми Автоботами и злыми Десептиконами. В центре сюжета — первые шаги человечества в столкновении с могущественными инопланетными существами, чьи технологии могут изменить ход истории.

Фильм обещает зрителям захватывающие экшен-сцены, где гигантские роботы превращаются в автомобили, самолеты и другие машины, сражаясь в эпичных баталиях. Глубже в истории раскрываются не только битвы, но и отношения между людьми и трансформерами, которые начинают развиваться с самого начала их взаимодействия.

"Трансформеры: Начало" не только поднимет ставку в разрушительных боях, но и откроет новые аспекты происхождения Трансформеров и их роли в судьбе Земли.', N'https://static.lostfilm.top/Images/890/Posters/poster.jpg', 8.5, N'https://www.transformersmovie.com/');
INSERT INTO MoviesCatalog.dbo.MovieDetails (MovieId, RatingIMDb, Duration, Type, Description, ImageUrl, Rating, Website) VALUES (67, 7.2, 104, N'Сверхъестественное, По фильму, Ремейк, Сиквел, Мистические существа', N'"Битлджус" — культовая комедия ужасов, которая сливает в себе элементы черного юмора и сверхъестественного. В центре сюжета — пара недавно умерших людей, которые сталкиваются с жизнью после смерти и пытаются отпугнуть новых жильцов своего дома с помощью странного и зловещего духа по имени Битлджус. Этот эксцентричный и неуклюжий персонаж, сыгранный Майклом Китоном, способен создать настоящий хаос, но его методы далеко не всегда соответствуют стандартам.

Фильм наполнен эксцентричными персонажами, сюрреалистическими декорациями и ярким визуальным стилем, создавая уникальную атмосферу, в которой ужасы и комедия переплетаются с легкостью. "Битлджус" стал культовым произведением, привлекая поклонников как за счёт своей необычной тематики, так и за счёт яркого персонажа, который стал символом черного юмора и безумных приключений.', N'https://static.lostfilm.top/Images/872/Posters/poster.jpg', 7.8, N'https://www.beetlejuicemovie.net/');
INSERT INTO MoviesCatalog.dbo.MovieDetails (MovieId, RatingIMDb, Duration, Type, Description, ImageUrl, Rating, Website) VALUES (68, 7.4, 119, N'По фильму, Спин-офф, Инопланетяне, Космос, Мистические существа', N'"Чужой: Ромул" — новый фильм во вселенной "Чужого", который обещает расширить известную мифологию и привнести новые ужасающие элементы в классическую франшизу. Сюжет разворачивается вокруг далёкой планеты Ромул, где команда космического корабля сталкивается с невероятной угрозой — хищными существами, чей кровавый след оставляет жертвы на каждом шагу.

Фильм сочетает в себе элементы научной фантастики и ужасов, погружая зрителей в атмосферу напряжённой борьбы за выживание. В новой части франшизы будут исследованы вопросы происхождения Чужих и их взаимодействия с другими инопланетными видами. Неизвестные уголки вселенной, темные секреты и всепоглощающее чувство страха ждут героев и зрителей. "Чужой: Ромул" обещает стать ещё одной знаковой вехой в эпопее о борьбе с невообразимым злом, где каждый шаг может стать последним.', N'https://static.lostfilm.top/Images/871/Posters/poster.jpg', 7.6, N'https://www.20thcenturystudios.com/movies/alien-romulus');
INSERT INTO MoviesCatalog.dbo.MovieDetails (MovieId, RatingIMDb, Duration, Type, Description, ImageUrl, Rating, Website) VALUES (69, 7.2, 83, N'По комиксам DC Comics, Параллельный мир, Супергерои, Антиутопия', N'"Хранители: Часть 1" — эпический супергеройский фильм, который погружает зрителей в альтернативную реальность, где группа необычных и морально противоречивых героев пытается предотвратить глобальную катастрофу. Действие происходит в мрачном мире 1980-х годов, где стареющие и отстранённые супергерои, называемые Хранителями, оказываются втянутыми в сложные интриги, политические манипуляции и угрозы мирового масштаба.

Фильм раскрывает персонажей, каждый из которых сталкивается с вопросами морали, власти и собственной идентичности. В центре сюжета — расследование убийства одного из членов команды, которое приводит к открытию глубоких секретов и опасных заговоров, ставящих под угрозу не только жизни героев, но и будущее всей планеты.

"Хранители: Часть 1" — это не только фильм о супергероях, но и глубокий философский анализ человеческих слабостей и силы идеалов, в сочетании с потрясающими визуальными эффектами, сложными персонажами и интригующим сюжетом.', N'https://static.lostfilm.top/Images/864/Posters/poster.jpg', 7.8, N'');


INSERT INTO MoviesCatalog.dbo.Genres (Name, Description, UsageCount) VALUES (N'Приключенческий', N'Жанр о приключениях и интересных событиях', 5);
INSERT INTO MoviesCatalog.dbo.Genres (Name, Description, UsageCount) VALUES (N'Боевик', N'жанр о стрелялках и прочем', 5);
INSERT INTO MoviesCatalog.dbo.Genres (Name, Description, UsageCount) VALUES (N'Научная фантастика', N'Научная фантастика открывает двери в миры будущего, технологий и необычных открытий. Это жанр, где границы реального размываются, а фантазия создаёт удивительные вселенные. От космических экспедиций до экспериментов с искусственным интеллектом — эти фильмы удивляют и вдохновляют.', 5);
INSERT INTO MoviesCatalog.dbo.Genres (Name, Description, UsageCount) VALUES (N'Криминал', N'Криминальные фильмы погружают в тёмный и опасный мир преступных группировок, интриг и теневых сделок. Это истории о законах улиц, игре на грани морали и хитросплетениях судеб в поисках справедливости или власти.', 5);
INSERT INTO MoviesCatalog.dbo.Genres (Name, Description, UsageCount) VALUES (N'Драма', N'Драмы раскрывают сложные человеческие эмоции, показывая глубокие и часто противоречивые переживания героев. Эти фильмы фокусируются на личных конфликтах, судьбоносных решениях и борьбе с внутренними и внешними вызовами.', 5);
INSERT INTO MoviesCatalog.dbo.Genres (Name, Description, UsageCount) VALUES (N'Триллер', N'Триллеры заставляют зрителей сидеть на краю своих мест, ловя каждую деталь и переживая неожиданные повороты сюжета. Это жанр, где напряжение нарастает с каждой сценой, а развязка часто бывает шокирующей.', 5);
INSERT INTO MoviesCatalog.dbo.Genres (Name, Description, UsageCount) VALUES (N'Мюзикл', N'Мюзиклы соединяют визуальное искусство с яркой музыкальной составляющей. Через песни и танцы раскрываются чувства, конфликты и сюжетные повороты, превращая каждую сцену в яркое театральное шоу на большом экране.', 5);
INSERT INTO MoviesCatalog.dbo.Genres (Name, Description, UsageCount) VALUES (N'Ужасы', N'Фильмы ужасов — это жанр, который погружает зрителей в атмосферу страха, тревоги и неизведанных тёмных уголков человеческой психики. От зловещих существ и паранормальных явлений до глубоких психологических страхов — ужасы заставляют сердце биться быстрее и держат в напряжении до последней минуты. Эти фильмы пробуждают самые глубокие и примитивные страхи, предлагая зрителю уникальное переживание, где неизведанное становится реальностью.', 5);
INSERT INTO MoviesCatalog.dbo.Genres (Name, Description, UsageCount) VALUES (N'Семейный', N'Семейные фильмы создают тёплую и уютную атмосферу, наполненную ценностями, которые важны для всех возрастов. Эти фильмы часто рассказывают о приключениях, любви, дружбе и трудностях, с которыми сталкиваются герои, но всегда с акцентом на важность поддержки семьи. Они могут быть забавными, трогательными и поучительными, даря зрителям надежду и вдохновение. Семейные фильмы идеально подходят для совместного просмотра, обеспечивая увлекательное и безопасное развлечение для всех членов семьи.', 5);
INSERT INTO MoviesCatalog.dbo.Genres (Name, Description, UsageCount) VALUES (N'Комедия', N'Комедия
Комедийные фильмы — это жанр, который приносит радость, смех и расслабление. Они полны остроумных диалогов, забавных ситуаций и нелепых происшествий, которые заставляют зрителей смеяться от души. Комедии могут быть легкими и развлекательными или сатирическими, высмеивающими важные социальные вопросы. Эти фильмы создаются, чтобы приносить позитивные эмоции, снимая напряжение и даря светлый взгляд на мир через юмор и абсурд.', 5);
INSERT INTO MoviesCatalog.dbo.Genres (Name, Description, UsageCount) VALUES (N'Фэнтези', N'Фильмы в жанре фэнтези переносят зрителей в волшебные миры, наполненные магией, мифическими существами и фантастическими приключениями. Это жанр, где реальность и фантазия переплетаются, и герои сталкиваются с чудесами и опасностями, которые невозможно объяснить законами физики или логики. В фэнтези часто встречаются волшебники, драконы, эльфы и другие магические существа, а также эпические путешествия и древние пророчества. Эти фильмы позволяют погрузиться в уникальные вселенные, где всё возможно, а чудеса становятся частью повседневной жизни.', 5);
INSERT INTO MoviesCatalog.dbo.Genres (Name, Description, UsageCount) VALUES (N'Мистика', N'Фильмы в жанре мистики создают атмосферу тайны и неизведанных сил, которые не поддаются рациональному объяснению. Эти картины часто включают элементы сверхъестественного, паранормальных явлений и загадочных происшествий, которые не только пугают, но и заставляют задуматься о том, что лежит за пределами обычного восприятия. Мистика часто затрагивает темы скрытых истин, древних тайн, необычных сил и столкновения с чем-то, что выходит за пределы человеческого понимания. В таких фильмах загадочные события и непредсказуемые повороты сюжета создают атмосферу напряжения и интриги, побуждая зрителей искать ответы на вопросы, которые кажутся невозможными для объяснения.', 5);


INSERT INTO MoviesCatalog.dbo.MovieGenres (MovieId, GenreId, AddedDate) VALUES (60, 21, N'2025-01-11 00:00:00.000');
INSERT INTO MoviesCatalog.dbo.MovieGenres (MovieId, GenreId, AddedDate) VALUES (61, 22, N'2025-01-11 00:00:00.000');
INSERT INTO MoviesCatalog.dbo.MovieGenres (MovieId, GenreId, AddedDate) VALUES (61, 21, N'2025-01-11 00:00:00.000');
INSERT INTO MoviesCatalog.dbo.MovieGenres (MovieId, GenreId, AddedDate) VALUES (61, 23, N'2025-01-11 00:00:00.000');
INSERT INTO MoviesCatalog.dbo.MovieGenres (MovieId, GenreId, AddedDate) VALUES (62, 22, N'2025-01-11 00:00:00.000');
INSERT INTO MoviesCatalog.dbo.MovieGenres (MovieId, GenreId, AddedDate) VALUES (62, 24, N'2025-01-11 00:00:00.000');
INSERT INTO MoviesCatalog.dbo.MovieGenres (MovieId, GenreId, AddedDate) VALUES (62, 26, N'2025-01-11 00:00:00.000');
INSERT INTO MoviesCatalog.dbo.MovieGenres (MovieId, GenreId, AddedDate) VALUES (62, 25, N'2025-01-08 00:00:00.000');
INSERT INTO MoviesCatalog.dbo.MovieGenres (MovieId, GenreId, AddedDate) VALUES (62, 27, N'2025-01-11 00:00:00.000');
INSERT INTO MoviesCatalog.dbo.MovieGenres (MovieId, GenreId, AddedDate) VALUES (63, 25, N'2025-01-11 00:00:00.000');
INSERT INTO MoviesCatalog.dbo.MovieGenres (MovieId, GenreId, AddedDate) VALUES (63, 23, N'2025-01-11 00:00:00.000');
INSERT INTO MoviesCatalog.dbo.MovieGenres (MovieId, GenreId, AddedDate) VALUES (63, 26, N'2025-01-22 00:00:00.000');
INSERT INTO MoviesCatalog.dbo.MovieGenres (MovieId, GenreId, AddedDate) VALUES (63, 28, N'2025-01-11 00:00:00.000');
INSERT INTO MoviesCatalog.dbo.MovieGenres (MovieId, GenreId, AddedDate) VALUES (64, 29, N'2025-01-11 00:00:00.000');
INSERT INTO MoviesCatalog.dbo.MovieGenres (MovieId, GenreId, AddedDate) VALUES (64, 23, N'2025-01-23 00:00:00.000');
INSERT INTO MoviesCatalog.dbo.MovieGenres (MovieId, GenreId, AddedDate) VALUES (64, 21, N'2025-01-11 00:00:00.000');
INSERT INTO MoviesCatalog.dbo.MovieGenres (MovieId, GenreId, AddedDate) VALUES (65, 24, N'2025-01-11 00:00:00.000');
INSERT INTO MoviesCatalog.dbo.MovieGenres (MovieId, GenreId, AddedDate) VALUES (65, 26, N'2025-01-11 00:00:00.000');
INSERT INTO MoviesCatalog.dbo.MovieGenres (MovieId, GenreId, AddedDate) VALUES (65, 30, N'2025-01-11 00:00:00.000');
INSERT INTO MoviesCatalog.dbo.MovieGenres (MovieId, GenreId, AddedDate) VALUES (65, 22, N'2025-01-09 00:00:00.000');
INSERT INTO MoviesCatalog.dbo.MovieGenres (MovieId, GenreId, AddedDate) VALUES (66, 22, N'2025-01-11 00:00:00.000');
INSERT INTO MoviesCatalog.dbo.MovieGenres (MovieId, GenreId, AddedDate) VALUES (66, 21, N'2025-01-11 00:00:00.000');
INSERT INTO MoviesCatalog.dbo.MovieGenres (MovieId, GenreId, AddedDate) VALUES (66, 23, N'2025-01-11 00:00:00.000');
INSERT INTO MoviesCatalog.dbo.MovieGenres (MovieId, GenreId, AddedDate) VALUES (66, 29, N'2025-01-11 00:00:00.000');
INSERT INTO MoviesCatalog.dbo.MovieGenres (MovieId, GenreId, AddedDate) VALUES (67, 31, N'2025-01-11 00:00:00.000');
INSERT INTO MoviesCatalog.dbo.MovieGenres (MovieId, GenreId, AddedDate) VALUES (67, 30, N'2025-01-11 00:00:00.000');
INSERT INTO MoviesCatalog.dbo.MovieGenres (MovieId, GenreId, AddedDate) VALUES (67, 28, N'2025-01-11 00:00:00.000');
INSERT INTO MoviesCatalog.dbo.MovieGenres (MovieId, GenreId, AddedDate) VALUES (68, 28, N'2025-01-11 00:00:00.000');
INSERT INTO MoviesCatalog.dbo.MovieGenres (MovieId, GenreId, AddedDate) VALUES (68, 23, N'2025-01-11 00:00:00.000');
INSERT INTO MoviesCatalog.dbo.MovieGenres (MovieId, GenreId, AddedDate) VALUES (69, 22, N'2025-01-01 00:00:00.000');
INSERT INTO MoviesCatalog.dbo.MovieGenres (MovieId, GenreId, AddedDate) VALUES (69, 23, N'2025-01-11 00:00:00.000');
INSERT INTO MoviesCatalog.dbo.MovieGenres (MovieId, GenreId, AddedDate) VALUES (69, 32, N'2025-01-11 00:00:00.000');


INSERT INTO MoviesCatalog.dbo.Users (Username, Login, Password) VALUES (N'Tagir', N'tagir.a_2005@mail.ru', N'Tagir2005');
INSERT INTO MoviesCatalog.dbo.Users (Username, Login, Password) VALUES (N'Гринч', N'grinch@mail.ru', N'TimerhanGrinch228');
